timestamp,branch,user,layers,modules
2026-04-11T21:40,fix/brain-merge-conflicts,Ahmed Shaaban,[api;bronze;test],[ai_light;api;core;migrations;pipeline]
2026-04-12T21:38,claude/silly-kepler,Ahmed Shaaban,[frontend],[core;frontend;graph]
2026-04-13T11:34,claude/happy-turing,Ahmed Shaaban,[bronze;frontend;test],[brain;core;frontend;graph;migrations;scenarios]
2026-04-13T11:37,claude/happy-turing,Ahmed Shaaban,[bronze;frontend;test],[brain;core;frontend;graph;migrations;scenarios]
2026-04-13T11:43,claude/happy-turing,Ahmed Shaaban,[bronze;frontend;test],[brain;core;frontend;graph;migrations;scenarios]
2026-04-13T12:36,claude/fervent-dubinsky,Ahmed Shaaban,[frontend],[frontend;scenarios]
2026-04-13T12:41,refactor/period-kpi-aliases,Ahmed Shaaban,[frontend;gold;test],[analytics;frontend;scenarios]
2026-04-13T13:48,claude/kind-torvalds,Ahmed Shaaban,[bronze;frontend;gold;test],[analytics;brain;frontend;graph;migrations;scenarios]
2026-04-13T13:52,claude/kind-torvalds,Ahmed Shaaban,[bronze;frontend;gold;test],[analytics;brain;frontend;graph;migrations;scenarios]
2026-04-13T14:28,claude/kind-torvalds,Ahmed Shaaban,[api;bronze;frontend;gold;test],[analytics;api;brain;core;frontend;graph;migrations;scenarios]
2026-04-13T14:36,claude/kind-torvalds,Ahmed Shaaban,[api;bronze;frontend;gold;test],[analytics;api;brain;core;frontend;graph;migrations;scenarios]
2026-04-13T14:37,claude/kind-torvalds,Ahmed Shaaban,[api;bronze;frontend;gold;test],[analytics;api;brain;core;frontend;graph;migrations;scenarios]
2026-04-13T14:40,claude/kind-torvalds,Ahmed Shaaban,[api;bronze;frontend;gold;test],[analytics;api;brain;control_center;core;frontend;graph;migrations;scenarios]
2026-04-13T14:41,claude/kind-torvalds,Ahmed Shaaban,[api;bronze;frontend;gold;test],[analytics;api;brain;control_center;core;frontend;graph;migrations;scenarios]
2026-04-13T14:42,claude/kind-torvalds,Ahmed Shaaban,[api;bronze;frontend;gold;test],[analytics;api;brain;control_center;core;frontend;graph;migrations;scenarios]
2026-04-13T14:51,claude/kind-torvalds,Ahmed Shaaban,[api;bronze;frontend;gold;test],[analytics;api;brain;control_center;core;frontend;graph;migrations]
2026-04-13T15:00,claude/kind-torvalds,Ahmed Shaaban,[api;bronze;frontend;gold;test],[analytics;api;brain;control_center;core;frontend;graph;migrations]
2026-04-14T17:31,main,Ahmed Shaaban,[],[]
2026-04-14T19:22,claude/elated-shockley,Ahmed Shaaban,[],[]
2026-04-14T19:24,claude/elated-shockley,Ahmed Shaaban,[],[]
